File #,File Name,Rarity,Photo Name,Description,Image Type,Color,Location,File Format,Collector Count,Data Dropped,Score,Grade
1,Josh1-1,Ultimate,1,TH,Digital,Color,AUH,jpg,1,[16/02/2025],93.4,S
2,Josh1-2,Ultimate,2,DXB,Digital,Color,DXB,jpg,5,[20/12/2024],94.4,S
3,Josh1-3,Ultimate,,3.1,Digital,Color,RTM,jpg,6,[20/12/2024],90.6,S
4,Josh1-4,Ultimate,4,JD,Digital,Black & White,AUH,jpg,4,[20/12/2024],95.3,S
5,Josh1-5,Ultimate,5,BX,Film,Color,BRU,jpg,3,[20/12/2024],94.5,S
6,Josh1-6,Ultimate,6,PG,Film,Color,PRG,jpg,3,[20/12/2024],94.8,S
7,Josh1-7,Ultimate,7,BN,Film,Color,BCN,jpg,3,[20/12/2024],94.9,S
8,Josh1-8,Ultimate,8,AG,Film,Color,BCN,jpg,4,[20/12/2024],94.5,S
9,Josh1-9,Ultimate,,9.9,IPhone,Color,RTM,jpg,4,[20/12/2024],89.1,S
10,Josh1-10,Legendary,10,SUN,Film,Color,N/A,jpg,4,[20/12/2024],84.4,A
11,Josh1-11,Legendary,11,AUH,Digital,Black & White,AUH,jpg,1,[20/12/2024],91,S
12,Josh1-12,Legendary,12,ELI,Digital,Color,AUH,jpg,2,[20/12/2024],87.8,S
13,Josh1-13,Legendary,13,D3,Digital,Black & White,DXB,jpg,1,[20/12/2024],92.5,S
14,Josh1-14,Legendary,14,AED,Digital,Black & White,AUH,jpg,1,[20/12/2024],90.7,S
15,Josh1-15,Legendary,-,-,Digital,Black & White,AUH,jpg,0,[20/12/2024],71.6,B
16,Josh1-16,Legendary,16,BC,Digital,Color,BEY,jpg,0,[20/12/2024],91.1,S
17,Josh1-17,Legendary,,17.55,Digital,Black & White,N/A,jpg,1,[20/12/2024],84.1,A
18,Josh1-18,Legendary,18,IK,Digital,Color,RTM,jpg,2,[20/12/2024],86,S
19,Josh1-19,Legendary,-,-,Digital,Black & White,RTM,jpg,1,[20/12/2024],69,B
20,Josh1-20,Legendary,-,-,Digital,Black & White,RTM,jpg,1,[20/12/2024],68.9,B
21,Josh1-21,Legendary,,21.1,Digital,Color,RTM,jpg,3,[20/12/2024],81.1,A
22,Josh1-22,Legendary,,22.2,Digital,Color,RTM,jpg,4,[20/12/2024],80.5,A
23,Josh1-23,Legendary,,23.19,Digital,Black & White,MST,jpg,1,[20/12/2024],87.3,S
24,Josh1-24,Legendary,24,ALI,Digital,Color,BRU,jpg,1,[20/12/2024],88.8,S
25,Josh1-25,Legendary,-,-,Digital,Black & White,BRU,jpg,2,[20/12/2024],70.6,B
26,Josh1-26,Legendary,26,PIS,Digital,Black & White,BRU,jpg,1,[20/12/2024],91.1,S
27,Josh1-27,Legendary,27,HOT,Digital,Black & White,BRU,jpg,1,[20/12/2024],91,S
28,Josh1-28,Legendary,,28.3,Digital,Color,RTM,jpg,4,[20/12/2024],78.8,A
29,Josh1-29,Legendary,29,SUM,Digital,Color,RTM,jpg,1,[20/12/2024],85.6,S
30,Josh1-30,Legendary,-,-,Digital,Black & White,RTM,jpg,1,[20/12/2024],68,B
31,Josh1-31,Legendary,31,NED,Digital,Black & White,RTM,jpg,1,[20/12/2024],87.9,S
32,Josh1-32,Legendary,32,14,IPhone,Color,RTM,jpg,3,[20/12/2024],81.6,A
33,Josh1-33,Legendary,33,WT,Digital,Color,RTM,jpg,1,[20/12/2024],85.3,S
34,Josh1-34,Legendary,-,-,IPhone,Color,N/A,jpg,40,[20/12/2024],59.3,C
35,Josh1-35,Legendary,35,CH,Digital,Black & White,PEK,jpg,5,[20/12/2024],89.4,S
36,Josh1-36,Legendary,36,P,Film,Color,PRG,jpg,1,[20/12/2024],88.1,S
37,Josh1-37,Legendary,37,UK,Film,Black & White,BSH,jpg,1,[20/12/2024],90.6,S
38,Josh1-38,Legendary,38,GG,Digital,Color,DXB,jpg,1,[20/12/2024],87.7,S
39,Josh1-39,Legendary,39,AG,Digital,Color,AUH,jpg,2,[20/12/2024],85.4,S
40,Josh1-40,Rare,40,BB,Digital,Color,AUH,jpg,5,[20/12/2024],79.3,A
41,Josh1-41,Rare,41,TL,Digital,Color,AUH,jpg,31,[20/12/2024],76.9,A
42,Josh1-42,Rare,-,-,Digital,Color,AUH,jpg,1,[20/12/2024],60.7,C
43,Josh1-43,Rare,43,H,Digital,Color,AUH,jpg,1,[20/12/2024],80.6,A
44,Josh1-44,Rare,-,-,Digital,Color,AUH,jpg,2,[20/12/2024],60,C
45,Josh1-45,Rare,45,EM,Digital,Color,AUH,jpg,5,[20/12/2024],78.9,A
46,Josh1-46,Rare,-,S,Digital,Color,DXB,jpg,1,[20/12/2024],82,A
47,Josh1-47,Rare,-,-,Digital,Color,AUH,jpg,1,[29/11/2025],54.5,D
48,Josh1-48,Rare,48,ZR,Digital,Color,DXB,jpg,1,[20/12/2024],81.8,A
49,Josh1-49,Rare,49,OM,Digital,Color,SLL,jpg,0,[15/11/2025],77.6,A
50,Josh1-50,Rare,-,-,Digital,Color,AUH,jpg,1,[20/12/2024],60,C
51,Josh1-51,Rare,-,-,Digital,Color,AUH,jpg,1,[20/12/2024],59.9,C
52,Josh1-52,Rare,52,SP,Digital,Color,AUH,jpg,2,[20/12/2024],79.2,A
53,Josh1-53,Rare,53,A,IPhone,Color,AUH,jpg,1,[20/12/2024],79.7,A
54,Josh1-54,Rare,54,PP,Digital,Color,AUH,jpg,1,[20/12/2024],79.6,A
55,Josh1-55,Rare,-,-,Digital,Color,DXB,jpg,2,[20/12/2024],60.6,C
56,Josh1-56,Rare,,56.65,Digital,Color,DXB,jpg,5,[20/12/2024],68.2,B
57,Josh1-57,Rare,57,WC,IPhone,Color,AUH,jpg,9,[23/12/2024],77,A
58,Josh1-58,Rare,58,PHL,Digital,Black & White,MNL,jpg,1,[23/12/2024],83.2,A
59,Josh1-59,Rare,59,Z,Digital,Color,BEY,jpg,50,[23/12/2024],76.6,A
60,Josh1-60,Rare,60,EP,Digital,Color,AUH,jpg,3,[23/12/2024],78.1,A
61,Josh1-61,Rare,-,-,Digital,Color,AUH,jpg,1,[23/12/2024],58.9,C
62,Josh1-62,Rare,62,AMS,Digital,Color,AMS,jpg,1,[23/12/2024],80.4,A
63,Josh1-63,Rare,63,SUB,Digital,Color,RTM,jpg,69,[23/12/2024],72.5,B
64,Josh1-64,Rare,-,-,Digital,Color,RTM,jpg,1,[23/12/2024],57.4,C
65,Josh1-65,Rare,65,DOG,Digital,Color,RTM,jpg,2,[23/12/2024],76.8,A
66,Josh1-66,Rare,,66.19,IPhone,Color,RTM,jpg,1,[23/12/2024],64,C
67,Josh1-67,Rare,67,RD,Digital,Color,RTM,jpg,3,[23/12/2024],76.2,A
68,Josh1-68,Rare,-,-,Digital,Color,RTM,jpg,1,[23/12/2024],57.1,C
69,Josh1-69,Rare,-,-,Digital,Color,RTM,jpg,1,[23/12/2024],57,C
70,Josh1-70,Rare,70,JOM,Digital,Color,RTM,jpg,3,[23/12/2024],75.9,A
71,Josh1-71,Rare,71,BIK,Digital,Color,RTM,jpg,1,[23/12/2024],76.8,A
72,Josh1-72,Rare,-,-,Digital,Color,BRU,jpg,1,[23/12/2024],59.4,C
73,Josh1-73,Rare,-,-,Digital,Color,BRU,jpg,1,[15/11/2025],53.8,D
74,Josh1-74,Rare,74,KQA,Digital,Color,RTM,jpg,1,[15/11/2025],71,B
75,Josh1-75,Rare,-,-,Digital,Color,RTM,jpg,0,[15/11/2025],51.9,D
76,Josh1-76,Rare,-,-,Digital,Color,AMS,jpg,0,[15/11/2025],54.6,D
77,Josh1-77,Rare,77,RTD,Digital,Color,RTM,jpg,1,[15/11/2025],70.7,B
78,Josh1-78,Rare,,78.91,Digital,Black & White,DXB,jpg,0,[15/11/2025],61.3,C
79,Josh1-79,Rare,,79.19,Digital,Color,AUH,jpg,1,[15/11/2025],56,C
80,Josh1-80,Rare,80,OB,Digital,Color,AUH,jpg,47,[22/12/2024],72.8,B
81,Josh1-81,Rare,81,LDS,IPhone,Black & White,LBA,jpg,1,[15/11/2025],76.2,A
82,Josh1-82,Rare,82,CAT,IPhone,Color,BRU,jpg,1,[15/11/2025],73,B
83,Josh1-83,Rare,83,SWD,IPhone,Color,N/A,jpg,1,[15/11/2025],68.6,B
84,Josh1-84,Rare,,84.8,Digital,Color,RTM,jpg,1,[15/11/2025],53.2,D
85,Josh1-85,Rare,-,-,Digital,Color,RTM,jpg,1,[15/11/2025],50,D
86,Josh1-86,Rare,86,FRK,IPhone,Color,FRA,jpg,1,[15/11/2025],73.2,B
87,Josh1-87,Rare,87,GRM,IPhone,Color,FRA,jpg,1,[15/11/2025],73.1,B
88,Josh1-88,Rare,88,TAM,IPhone,Color,AMS,jpg,1,[15/11/2025],72.6,B
89,Josh1-89,Rare,,89.71,IPhone,Black & White,PRG,jpg,1,[15/11/2025],57.3,C
90,Josh1-90,Rare,-,-,IPhone,Color,PRG,jpg,1,[15/11/2025],52.6,D
91,Josh1-91,Rare,91,CZH,IPhone,Black & White,PRG,jpg,1,[15/11/2025],75.1,A
92,Josh1-92,Rare,,92,IPhone,Color,PRG,jpg,1,[15/11/2025],54.1,D
93,Josh1-93,Rare,-,-,IPhone,Color,PRG,jpg,0,[15/11/2025],53.4,D
94,Josh1-94,Rare,-,-,Digital,Color,RTM,jpg,0,[15/11/2025],50.2,D
95,Josh1-95,Rare,-,-,Digital,Color,MNL,jpg,1,[15/11/2025],51.8,D
96,Josh1-96,Rare,-,-,Digital,Color,MNL,jpg,0,[15/11/2025],52.7,D
97,Josh1-97,Rare,-,-,Digital,Color,N/A,jpg,1,[04/05/2025],50.6,D
98,Josh1-98,Rare,-,-,Digital,Color,RTM,jpg,95,[21/03/2025],47.4,D
99,Josh1-99,Rare,-,-,Digital,Color,RTM,jpg,1,[15/11/2025],48.8,D
100,Josh1-100,Rare,,100.1,Digital,Color,RTM,jpg,1,[15/11/2025],48.7,D
101,Josh1-101,No-rarity,,4,Digital,Color,N/A,jpg,792,[01/01/2025],55.6,C
102,Josh1-102,No-rarity,,4,Digital,Color,N/A,jpg,320,[23/01/2025],56.4,C
103,Josh1-103,No-rarity,,3,Digital,Color,AUH,jpg,296,[22/01/2025],59.5,C
104,Josh1-104,No-rarity,,2,Digital,Color,AUH,jpg,579,[20/12/2024],59.2,C
105,Josh1-105,No-rarity,,3,Digital,Color,AUH,jpg,317,[24/01/2025],59.2,C
106,Josh1-106,No-rarity,,2,Digital,Color,AUH,jpg,1186,[23/12/2024],58,C
107,Josh1-107,No-rarity,,2,Digital,Color,AUH,jpg,354,[15/01/2025],59.2,C
108,Josh1-108,No-rarity,,2,Digital,Black & White,AUH,jpg,1086,[21/12/2024],60.5,C
109,Josh1-109,No-rarity,,4,Digital,Color,AUH,jpg,302,[13/01/2025],58.9,C
110,Josh1-110,No-rarity,,4,Digital,Color,MNL,jpg,354,[16/01/2025],60,C
111,Josh1-111,No-rarity,,3,Digital,Black & White,AUH,jpg,263,[31/01/2025],61.3,C
112,1Josh1-112,No-rarity,,2,Digital,Color,AUH,jpg,58,[15/11/2025],56.2,C
113,Josh1-113,No-rarity,,4,Digital,Color,AUH,jpg,514,[07/01/2025],57.9,C
114,Josh1-114,No-rarity,,5,Digital,Color,AUH,jpg,146,[07/02/2025],58.8,C
115,Josh1-115,No-rarity,,0,Digital,Color,AUH,jpg,815,[29/12/2024],58,C
116,Josh1-116,No-rarity,,2,Digital,Color,N/A,jpg,347,[11/01/2025],55.6,C
117,Josh1-117,No-rarity,,1,Digital,Color,AUH,jpg,155,[12/02/2025],59.2,C
118,Josh1-118,No-rarity,,5,Digital,Color,AUH,jpg,488,[07/01/2025],57.3,C
119,Josh1-119,No-rarity,,5,Digital,Color,AUH,jpg,59,[15/11/2025],54.9,D
120,Josh1-120,No-rarity,,5,Digital,Color,RTM,jpg,858,[31/12/2024],55.2,C
121,Josh1-121,No-rarity,,5,Digital,Color,N/A,jpg,334,[11/01/2025],54.6,D
122,Josh1-122,No-rarity,,5,IPhone,Color,RTM,jpg,805,[30/12/2024],55.1,C
123,Josh1-123,No-rarity,,5,Digital,Color,RTM,jpg,144,[11/02/2025],56.7,C
124,Josh1-124,No-rarity,,5,Digital,Color,N/A,jpg,232,[03/02/2025],54.5,D
125,Josh1-125,No-rarity,,5,Digital,Color,N/A,jpg,85,[08/04/2025],54.7,D
126,Josh1-126,No-rarity,,4,Digital,Color,AMS,jpg,496,[04/01/2025],58.3,C
127,Josh1-127,No-rarity,,3,Digital,Black & White,AMS,jpg,897,[28/12/2024],60.2,C
128,Josh1-128,No-rarity,,3,Digital,Black & White,RTM,jpg,462,[04/01/2025],58.2,C
129,Josh1-129,No-rarity,,3,Digital,Black & White,RTM,jpg,342,[15/01/2025],58.3,C
130,Josh1-130,No-rarity,,5,Digital,Color,RTM,jpg,148,[13/02/2025],56,C
131,Josh1-131,No-rarity,,5,Digital,Color,RTM,jpg,45,[15/11/2025],53,D
132,Josh1-132,No-rarity,,5,Digital,Black & White,RTM,jpg,159,[13/02/2025],58.2,C
133,Josh1-133,No-rarity,,5,Digital,Color,RTM,jpg,459,[09/01/2025],54.7,D
134,Josh1-134,No-rarity,,4,Digital,Color,RTM,jpg,889,[22/12/2024],54.2,D
135,Josh1-135*,No-rarity,,4,Digital,Black & White,RTM,jpg,497,[18/01/2025] [13/02/2025],57,C
136,Josh1-136,No-rarity,,3,Digital,Color,RTM,jpg,351,[12/01/2025],55.2,C
137,Josh1-137,No-rarity,,3,Digital,Color,RTM,jpg,1158,[27/12/2024],53.7,D
138,Josh1-138,No-rarity,,4,Digital,Color,RTM,jpg,1051,[24/12/2024],53.6,D
139,Josh1-139*,No-rarity,,4,Digital,Color,RTM,jpg,149,[12/04/2025] [04/05/2025],54.4,D
140,Josh1-140,No-rarity,,4,Digital,Color,RTM,jpg,283,[24/01/2025],54.7,D
141,Josh1-141,No-rarity,,5,Digital,Color,RTM,jpg,459,[09/01/2025],54,D
142,Josh1-142,No-rarity,,5,Digital,Color,RTM,jpg,NOT RELEASED,,52.9,D
143,Josh1-143,No-rarity,,5,Digital,Color,RTM,jpg,740,[03/01/2025],53.3,D
144,Josh1-144,No-rarity,,4,Digital,Color,RTM,jpg,148,[09/02/2025],55,C
145,Josh1-145,No-rarity,,5,Digital,Color,MST,jpg,856,[31/12/2024],56.2,C
146,Josh1-146,No-rarity,,5,Digital,Color,MST,jpg,142,[08/02/2025],58,C
147,Josh1-147,No-rarity,,5,Digital,Color,N/A,jpg,316,[20/01/2025],52.2,D
148,Josh1-148,No-rarity,,5,Digital,Color,N/A,jpg,413,[17/01/2025],51.8,D
149,Josh1-149,No-rarity,,4,Digital,Color,N/A,jpg,168,[07/02/2025],52.8,D
150,Josh1-150,No-rarity,,5,Digital,Color,RTM,jpg,120,[10/02/2025],54.5,D
151,Josh1-151,No-rarity,,3,Digital,Color,RTM,jpg,262,[29/01/2025],54,D
152,Josh1-152,No-rarity,,5,Digital,Color,RTM,jpg,136,[10/02/2025],54.2,D
153,Josh1-153,No-rarity,,4,Digital,Color,RTM,jpg,99,[29/03/2025],54,D
154,Josh1-154,No-rarity,,5,Digital,Color,RTM,jpg,46,[15/11/2025],50.9,D
155,Josh1-155,No-rarity,,5,IPhone,Color,BRU,jpg,49,[15/11/2025],53.4,D
156,Josh1-156,No-rarity,,3,Digital,Color,BRU,jpg,50,[15/11/2025],53.7,D
157,Josh1-157,No-rarity,,4,Digital,Color,BRU,jpg,52,[15/11/2025],53.3,D
158,Josh1-158,No-rarity,,5,Digital,Color,BRU,jpg,54,[15/11/2025],53,D
159,Josh1-159,No-rarity,,5,Digital,Color,BRU,jpg,56,[15/11/2025],52.8,D
160,Josh1-160,No-rarity,,3,Digital,Color,BRU,jpg,1112,[23/12/2024],54.4,D
161,Josh1-161,No-rarity,,4,Digital,Color,RTM,jpg,1121,[22/12/2024],51.5,D
162,Josh1-162,No-rarity,,5,Digital,Color,RTM,jpg,322,[21/01/2025],52.4,D
163,Josh1-163,No-rarity,,5,Digital,Color,RTM,jpg,936,[30/12/2024],51.2,D
164,Josh1-164,No-rarity,,3,Digital,Color,RTM,jpg,1114,[22/12/2024],51.4,D
165,Josh1-165,No-rarity,,3,Digital,Color,RTM,jpg,45,[15/11/2025],50.3,D
166,Josh1-166,No-rarity,,3,Digital,Color,RTM,jpg,1108,[22/12/2024],51.2,D
167,Josh1-167,No-rarity,,5,Digital,Color,AMS,jpg,161,[14/02/2025],55.3,C
168,Josh1-168,No-rarity,,4,Digital,Color,AMS,jpg,952,[20/12/2024],53.9,D
169,Josh1-169,No-rarity,,5,Digital,Color,AMS,jpg,229,[02/02/2025],54.9,D
170,Josh1-170,No-rarity,,4,Digital,Color,MNL,jpg,1047,[25/12/2024],53.4,D
171,Josh1-171,No-rarity,,5,Digital,Color,AMS,jpg,795,[02/01/2025],53.4,D
172,Josh1-172,No-rarity,,2,Digital,Color,AMS,jpg,775,[29/12/2024],54.1,D
173,Josh1-173,No-rarity,,5,Digital,Color,AMS,jpg,875,[31/12/2024],53.2,D
174,Josh1-174,No-rarity,,2,Digital,Black & White,AUH,jpg,168,[14/02/2025],56.2,C
175,Josh1-175,No-rarity,,5,Digital,Color,AUH,jpg,161,[05/02/2025],53.2,D
176,Josh1-176,No-rarity,,5,Digital,Color,AUH,jpg,106,[07/03/2025],53.2,D
177,Josh1-177,No-rarity,,9,Digital,Color,AUH,jpg,1148,[24/12/2024],50.2,D
178,Josh1-178,No-rarity,,2,Digital,Color,AUH,jpg,134,[14/02/2025],53.7,D
179,Josh1-179,No-rarity,,4,Digital,Color,AUH,jpg,516,[06/01/2025],51.9,D
180,Josh1-180,No-rarity,,5,Digital,Color,RTM,jpg,378,[17/01/2025],50.6,D
181,Josh1-181,No-rarity,,4,Digital,Color,RTM,jpg,525,[03/01/2025],50.5,D
182,Josh1-182,No-rarity,,4,Digital,Color,RTM,jpg,281,[29/01/2025],50.9,D
183,Josh1-183,No-rarity,,5,Digital,Color,RTM,jpg,242,[04/02/2025],50.7,D
184,Josh1-184,No-rarity,,3,Digital,Color,N/A,jpg,936,[22/12/2024],48.2,D
185,Josh1-185,No-rarity,,5,Digital,Color,RTD,jpg,499,[06/01/2025],53.2,D
186,Josh1-186,No-rarity,,5,Digital,Color,RTD,jpg,259,[04/02/2025],53.5,D
187,Josh1-187,No-rarity,,4,Digital,Color,RTD,jpg,156,[07/02/2025],54.3,D
188,Josh1-188,No-rarity,,4,Digital,Color,RTD,jpg,371,[14/01/2025],53.4,D
189,Josh1-189,No-rarity,,3,IPhone,Black & White,LON,jpg,1136,[27/12/2024],54.9,D
190,Josh1-190,No-rarity,,5,IPhone,Color,LBA,jpg,515,[07/01/2025],52.8,D
191,Josh1-191,No-rarity,,3,IPhone,Color,BRU,jpg,626,[02/01/2025],52.3,D
192,Josh1-192,No-rarity,,5,IPhone,Color,N/A,jpg,782,[02/01/2025],47.2,D
193,Josh1-193,No-rarity,,5,IPhone,Color,RTM,jpg,1056,[28/12/2024],48.4,D
194,Josh1-194,No-rarity,,5,IPhone,Color,AMS,jpg,799,[01/01/2025],51.4,D
195,Josh1-195,No-rarity,,5,IPhone,Black & White,RTM,jpg,50,[15/11/2025],49.5,D
196,Josh1-196,No-rarity,,4,IPhone,Color,AMS,jpg,396,[08/01/2025],52.3,D
197,Josh1-197,No-rarity,,5,IPhone,Black & White,RTM,jpg,1066,[27/12/2024],50.5,D
198,Josh1-198*,No-rarity,,5,IPhone,Black & White,RTM,jpg,152,[15/03/2025] [29/04/2025],51.8,D
199,Josh1-199,No-rarity,,5,IPhone,Color,BSH,jpg,1039,[26/12/2024],51.1,D
200,Josh1-200,No-rarity,,1,IPhone,Color,N/A,jpg,292,[31/01/2025],48.1,D
201,Josh1-201,No-rarity,,5,IPhone,Color,BCN,jpg,58,[15/11/2025],49.5,D
202,Josh1-202,No-rarity,,3,Film,Color,BSH,jpg,2,[24/01/2025],59,C
203,Josh1-203,No-rarity,,4,Digital,Color,RTM,jpg,369,[16/01/2025],48.8,D
204,Josh1-204,No-rarity,,4,Digital,Color,RTM,jpg,879,[31/12/2024],47.8,D
205,Josh1-205,No-rarity,,4,Digital,Color,RTM,jpg,937,[22/12/2024],47.7,D
206,Josh1-206,No-rarity,,5,Digital,Color,RTM,jpg,131,[16/02/2025],49.3,D
207,Josh1-207,No-rarity,,3,Digital,Black & White,MNL,jpg,270,[28/01/2025],54.1,D
208,Josh1-208,No-rarity,,4,Digital,Color,MNL,jpg,76,[21/04/2025],51.7,D
209,Josh1-209,No-rarity,,3,Digital,Color,MNL,jpg,130,[10/02/2025],52.2,D
210,Josh1-210,No-rarity,,4,Digital,Color,MNL,jpg,265,[30/01/2025],51.1,D
211,Josh1-211,No-rarity,,4,Digital,Color,MNL,jpg,871,[02/01/2025],49.8,D
212,Josh1-212,No-rarity,,4,Digital,Color,MNL,jpg,489,[04/01/2025],50.5,D
213,Josh1-213,No-rarity,,3,Digital,Color,MNL,jpg,510,[04/01/2025],50.6,D
214,Josh1-214,No-rarity,,4,Digital,Color,MNL,jpg,324,[19/01/2025],50.7,D
215,Josh1-215,No-rarity,,4,Digital,Color,MNL,jpg,147,[11/02/2025],51.3,D
216,Josh1-216,No-rarity,,3,Digital,Color,AUH,jpg,1135,[24/12/2024],47.9,D
217,Josh1-217,No-rarity,,7,Digital,Color,DXB,jpg,992,[22/12/2024],48.9,D
218,Josh1-218,No-rarity,,4,Digital,Color,DXB,jpg,371,[14/01/2025],50.4,D
219,Josh1-219,No-rarity,,3,Digital,Color,IST,jpg,1110,[27/12/2024],49.7,D
220,Josh1-220*,No-rarity,,4,Digital,Color,MNL,jpg,1027,[31/12/2024] [01/02/2025],48.8,D
221,Josh1-221,No-rarity,,3,IPhone,Black & White,AUH,jpg,485,[05/01/2025],51,D
222,Josh1-222,No-rarity,,2,Digital,Color,RTM,jpg,62,[15/11/2025],44.9,D