Image URL,Caption,Artwork Title,INPRNT Link,Rarity,Origin Origin,Device
https://cdn.inprnt.com/thumbs/80/3e/803ed488ec1636e79617d2aff3cde106@2x.jpg,"JOSH1 128 • The Two Bikes

  Architectural geometry and urban stillness
  Structural symmetry recorded in natural light
  An archival record of institutional form
  DRiP Provenance: Score 58.2 (Grade C • Rotterdam)

JOSH SHOOT // EXCLUSIVE 222 COLLECTIBLES
Edition: 100% Cotton Rag Archival Fine Art Print (300gsm)
Provenance: Solana Blockchain verified (JOSHSHOOT.SOL) to Physical exhibition print via INPRNT

Collect the archive via link in bio
📸 Archival Capture / Digital
📍 Rotterdam (RTM) 🇳🇱
💎 DRiP Score: 58.2 | Grade: C
⚡ On Chain: JOSHSHOOT.SOL

.
.
.
#WallArtDecor #INPRNT #OnChainArt #PhygitalArt",JOSH1 128 • The Two Bikes,https://www.inprnt.com/gallery/joshuadenouden/josh1-128-the-two-bikes/,Common,Rotterdam (RTM) 🇳🇱,iPhone 12 / Archival Capture
